,Amplitude,mu,sigma
0,49.20631994766544,2051.7258297163417,119.37310491937994
1,78.50309050503314,2387.1492467456505,71.1345704421266
2,110.66363055791392,2797.4270561343756,63.492830151003496
